<?xml version="1.0" encoding="UTF-8"?>
<!DOCTYPE hibernate-mapping PUBLIC 
"-//Hibernate/Hibernate Mapping DTD//EN"
"http://www.hibernate.org/dtd/hibernate-mapping-3.0.dtd"> 

<hibernate-mapping>
   <class name = "com.entities.Car" table = "Cars1"> 
            
      <id name = "car_id" type = "int" column = "car_id">
         <generator class="increment"/>
      </id>
      
      <property name = "car_name"/>
      
      <joined-subclass name="com.entities.EconomicalCar" table="EcoCars1">
      <key column="car_id"></key>
       <property name = "car_price"/>
       <property name = "car_milage"/>
      
      </joined-subclass>
      
      <joined-subclass  name="com.entities.LuxuriousCar" table="LuxCars1">
       <key column="car_id"></key>
        <property name = "engine_capacity"/>
      <property name = "lux_features"/>
      </joined-subclass>
      
   </class>
</hibernate-mapping>