<?xml version="1.0" encoding="UTF-8"?>
<beans xmlns="http://www.springframework.org/schema/beans"
	xmlns:xsi="http://www.w3.org/2001/XMLSchema-instance"
	xmlns:p="http://www.springframework.org/schema/p"
	xmlns:util="http://www.springframework.org/schema/util"
	xmlns:context="http://www.springframework.org/schema/context"
	xsi:schemaLocation="http://www.springframework.org/schema/beans
    http://www.springframework.org/schema/beans/spring-beans-2.5.xsd
    http://www.springframework.org/schema/context
    http://www.springframework.org/schema/context/spring-context.xsd
    http://www.springframework.org/schema/util
    http://www.springframework.org/schema/util/spring-util.xsd">
    <context:component-scan base-package="com"></context:component-scan>
    
    <bean class="org.springframework.web.servlet.view.InternalResourceViewResolver" name="viewResolver">
    	<property name="prefix" value="/WEB-INF/views/"></property>
    	<property name="suffix" value=".jsp"></property>
    </bean>
    	
</beans>