<?xml version="1.0" encoding="UTF-8"?>
<!DOCTYPE hibernate-mapping PUBLIC 
"-//Hibernate/Hibernate Mapping DTD//EN"
"http://www.hibernate.org/dtd/hibernate-mapping-3.0.dtd"> 

<hibernate-mapping>
   <class name = "com.entities.Car" table = "Cars"> 
            
      <id name = "car_id" type = "int" column = "car_id">
         <generator class="increment"/>
      </id>
      
      <property name = "car_name"/>
      
      <union-subclass name="com.entities.EconomicalCar" table="EcoCars">
       <property name = "car_price"/>
       <property name = "car_milage"/>
      
      </union-subclass>
      
      <union-subclass  name="com.entities.LuxuriousCar" table="LuxCars">
       
        <property name = "engine_capacity"/>
      <property name = "lux_features"/>
      </union-subclass>
      
   </class>
</hibernate-mapping>