<?xml version="1.0" encoding="UTF-8"?>
<!DOCTYPE hibernate-configuration SYSTEM 
"http://www.hibernate.org/dtd/hibernate-configuration-3.0.dtd">
<hibernate-configuration>
	<session-factory>
	<property name = "hibernate.dialect">org.hibernate.dialect.SQLServerDialect</property>    
      <property name = "hibernate.connection.driver_class">com.microsoft.sqlserver.jdbc.SQLServerDriver</property>
      
      <!-- Assume test is the database name -->
      <property name = "hibernate.connection.url">jdbc:sqlserver://localhost;databaseName=HibProjectDb;instanceName=MSSQLSERVER</property>
      <property name = "hibernate.connection.username">sa</property>
      <property name = "hibernate.connection.password">password_123</property>
      <property name="hibernate.hbm2ddl.auto">update</property>
      <!-- List of XML mapping files -->
      <mapping class = "com.entities.Customer"/>
      <mapping class = "com.entities.Rooms"/>
      <mapping class = "com.entities.Booking"/>
	
	</session-factory>

</hibernate-configuration>