<?xml version="1.0" encoding="UTF-8"?>
<beans xmlns="http://www.springframework.org/schema/beans"
    xmlns:xsi="http://www.w3.org/2001/XMLSchema-instance"
    xmlns:context="http://www.springframework.org/schema/context"
    xmlns:util="http://www.springframework.org/schema/util"
    xsi:schemaLocation="
http://www.springframework.org/schema/beans http://www.springframework.org/schema/beans/spring-beans.xsd
http://www.springframework.org/schema/context
http://www.springframework.org/schema/context/spring-context.xsd
http://www.springframework.org/schema/util
http://www.springframework.org/schema/util/spring-util.xsd">

<bean class="org.springframework.jdbc.datasource.DriverManagerDataSource" name="ds">
<property name="driverClassName"  value="com.microsoft.sqlserver.jdbc.SQLServerDriver"/>
<property name="url" value="jdbc:sqlserver://localhost;databaseName=Citiustech;instanceName=MSSQLSERVER"/>
<property name="username" value="sa"/>
<property name="password" value="password_123"/>
</bean>

<bean class="org.springframework.jdbc.core.JdbcTemplate" name="jdbcTemplate">
 <property name="dataSource" ref="ds"/>
</bean>
 <bean class="com.dao.EmpDaoImpl" name="empDao">
 <property name="jdbcTemplate" ref="jdbcTemplate"/>
 </bean>


</beans>