<?xml version="1.0" encoding="UTF-8"?>
<beans xmlns="http://www.springframework.org/schema/beans"
    xmlns:xsi="http://www.w3.org/2001/XMLSchema-instance"
    xmlns:p="http://www.springframework.org/schema/p"
    xmlns:aop="http://www.springframework.org/schema/aop"
    xmlns:util="http://www.springframework.org/schema/util"
    xmlns:context="http://www.springframework.org/schema/context"
    xsi:schemaLocation="http://www.springframework.org/schema/beans
http://www.springframework.org/schema/beans/spring-beans-2.5.xsd
http://www.springframework.org/schema/aop
http://www.springframework.org/schema/aop/spring-aop-2.5.xsd
http://www.springframework.org/schema/context
http://www.springframework.org/schema/context/spring-context.xsd
http://www.springframework.org/schema/util
http://www.springframework.org/schema/util/spring-util.xsd
http://www.springframework.org/schema/aop
http://www.springframework.org/schema/aop/spring-aop.xsd">

<context:annotation-config></context:annotation-config>

<bean class="com.demo1.Address" name="address2" primary="false" autowire-candidate="false">
<property name="landmark" value="Behind Dmart"/>
<property name="city" value="Puttur"/>
<property name="state" value="Karnataka"/>
</bean>

<bean class="com.demo1.Address" name="address1" primary="true" autowire-candidate="true">
<property name="landmark" value="Bindu"/>
<property name="city" value="Puttur"/>
<property name="state" value="Karnataka"/>
</bean>

<bean class="com.demo1.Employee" name="emp" autowire="byType">
</bean>

</beans>