<?xml version="1.0" encoding="UTF-8"?>
<!DOCTYPE hibernate-mapping PUBLIC 
"-//Hibernate/Hibernate Mapping DTD//EN"
"http://www.hibernate.org/dtd/hibernate-mapping-3.0.dtd"> 

<hibernate-mapping>
   <class name = "com.entities.Car" table = "CarDetails" discriminator-value="car"> 
            
      <id name = "car_id" type = "int" column = "car_id">
         <generator class="increment"/>
      </id>
      
      <discriminator column="type" type="string"></discriminator>
      <property name = "car_name"/>
      
      <subclass name="com.entities.EconomicalCar" discriminator-value="EcoCar">
       <property name = "car_price"/>
       <property name = "car_milage"/>
      
      </subclass>
      
      <subclass  name="com.entities.LuxuriousCar" discriminator-value="LuxCar">
       
        <property name = "engine_capacity"/>
      <property name = "lux_features"/>
      </subclass>
      
   </class>
</hibernate-mapping>